<?xml version="1.0" encoding="UTF-8"?>
<Stations>
 <Station>
  <Code>HT</Code>
  <Type>knooppuntIntercitystation</Type>
  <Namen>
   <Kort>Den Bosch</Kort>
   <Middel>'s-Hertogenbosch</Middel>
   <Lang>'s-Hertogenbosch</Lang>
  </Namen>
  <Land>NL</Land>
  <Synoniemen>
   <Synoniem>Hertogenbosch ('s)</Synoniem>
   <Synoniem>Den Bosch</Synoniem>
  </Synoniemen>
 </Station>
 <Station>
  <Code>ALMO</Code>
  <Type>stoptreinstation</Type>
  <Namen>
   <Kort>Oostvaard</Kort>
   <Middel>Oostvaarders</Middel>
   <Lang>Almere Oostvaarders</Lang>
  </Namen>
  <Land>NL</Land>
  <Synoniemen></Synoniemen>
 </Station>
 <Station>
  <Code>ATN</Code>
  <Type>stoptreinstation</Type>
  <Namen>
   <Kort>Aalten</Kort>
   <Middel>Aalten</Middel>
   <Lang>Aalten</Lang>
  </Namen>
  <Land>NL</Land>
  <Synoniemen></Synoniemen>
 </Station>
 <Station>
  <Code>ASA</Code>
  <Type>intercitystation</Type>
  <Namen>
   <Kort>Amstel</Kort>
   <Middel>Amsterdam Amstel</Middel>
   <Lang>Amsterdam Amstel</Lang>
  </Namen>
  <Land>NL</Land>
  <Synoniemen></Synoniemen>
 </Station>
</Stations>